"","x"
"1","액션, 어드벤처..."
"2","마인크래프트"
"3","피파시리즈"
"4","지역"
"5","화투게임"
"6","바이오해저드"
"7","오버워치"
"8","나이트온라인"
"9","오버워치"
"10","게임사, 게임사이..."
"11","오크"
"12","FPS, 슈팅게임"
"13","플레이스테이션"
"14","스페셜포스"
"15","마인크래프트"
"16","몬스터"
"17","마인크래프트"
"18","록맨"
"19","카드게임"
"20","마인크래프트"
"21","인디게임"
"22","엑스박스"
"23","플레이스테이션"
"24","플레이스테이션"
"25","액션, 어드벤처..."
"26","스도쿠"
"27","리그오브레전드"
"28","건즈더듀얼"
"29","리그오브레전드"
"30","리그오브레전드"
"31","액션, 어드벤처..."
"32","피파시리즈"
"33","롤플레잉게임"
"34","롤플레잉게임"
"35","포켓몬"
"36","심즈"
"37","메달오브아너"
"38","피파시리즈"
"39","디지몬알피지"
"40","디지몬알피지"
"41","FPS, 슈팅게임"
"42","게임리그, 게이머"
"43","리그오브레전드"
"44","비디오게임"
"45","마인크래프트"
"46","인디게임"
"47","게임사, 게임사이..."
"48","인디게임"
"49","캐릭터"
"50","카드게임"
"51","리그오브레전드"
"52","롤플레잉게임"
"53","몬스터"
"54","심즈"
"55","프린세스메이커"
"56","캐릭터"
"57","캐릭터"
"58","캐릭터"
"59","모바일게임"
"60","포켓몬"
"61","아이템"
"62","나이트엘프"
"63","롤플레잉게임"
"64","게임사, 게임사이..."
"65","액션, 어드벤처..."
"66","게임리그, 게이머"
"67","몬스터"
"68","마법사"
"69","아이템"
"70","게임사, 게임사이..."
"71","건즈더듀얼"
"72","피파시리즈"
"73","마인크래프트"
"74","리니지2"
"75","커맨드앤컨커"
"76","오버워치"
"77","게임사, 게임사이..."
"78","카운터스트라이크"
"79","휴먼"
"80","바둑"
"81","리니지2"
"82","바둑"
"83","메달오브아너"
"84","모바일게임"
"85","레이싱게임"
"86","오버워치"
"87","게임리그, 게이머"
"88","콜오브듀티"
"89","메이플스토리"
"90","액션, 어드벤처..."
"91","테라"
"92","롤플레잉게임"
"93","게임리그, 게이머"
"94","아이템"
"95","FPS, 슈팅게임"
"96","리니지2"
"97","리그오브레전드"
"98","플레이스테이션"
"99","NBA시리즈"
"100","모바일게임"
"101","액션, 어드벤처..."
"102","콜오브듀티"
"103","액션, 어드벤처..."
"104","액션, 어드벤처..."
"105","GTA"
"106","리그오브레전드"
"107","플레이스테이션"
"108","게임리그, 게이머"
"109","마인크래프트"
"110","배틀그라운드"
"111","리그오브레전드"
"112","리그오브레전드"
"113","보드, 퍼즐 게임"
"114","아이템"
"115","아이템"
"116","카드게임"
"117","카트라이더"
"118","바람의나라"
"119","서든어택"
"120","콜오브듀티"
"121","모바일게임"
"122","아이템"
"123","아이템"
"124","시뮬레이션게임"
"125","인디게임"
"126","닌텐도DS"
"127","닌텐도DS"
"128","모바일게임"
"129","서든어택"
"130","테트리스"
"131","게임사, 게임사이..."
"132","퀘스트"
"133","액션, 어드벤처..."
"134","게임리그, 게이머"
"135","리니지"
"136","비디오게임"
"137","FPS, 슈팅게임"
"138","액션, 어드벤처..."
"139","엑스박스"
"140","인디게임"
"141","액션, 어드벤처..."
"142","디아블로"
"143","아이템"
"144","롤플레잉게임"
"145","게임사, 게임사이..."
"146","마인크래프트"
"147","FPS, 슈팅게임"
"148","액션, 어드벤처..."
"149","메이플스토리"
"150","엘소드"
"151","메이플스토리"
"152","롤플레잉게임"
"153","게임사, 게임사이..."
"154","닌텐도DS"
"155","인디게임"
"156","리니지2"
"157","카드게임"
"158","리니지2"
"159","게임리그, 게이머"
"160","게임사, 게임사이..."
"161","닌텐도DS"
"162","철권"
"163","심즈"
"164","닌텐도DS"
"165","인디게임"
"166","거상실행"
"167","시뮬레이션게임"
"168","디아블로"
"169","인디게임"
"170","롤플레잉게임"
"171","거상실행"
"172","리그오브레전드"
"173","포켓몬"
"174","닌텐도Wii"
"175","나이트온라인"
"176","모바일게임"
"177","모바일게임"
"178","GTA"
"179","아이템"
"180","레이싱게임"
"181","오버워치"
"182","시뮬레이션게임"
"183","시뮬레이션게임"
"184","슈퍼마리오"
"185","피파시리즈"
"186","리그오브레전드"
"187","게임사, 게임사이..."
"188","거상실행"
"189","거상실행"
"190","액션, 어드벤처..."
"191","마인크래프트"
"192","던전앤파이터"
"193","붉은보석"
"194","휴먼"
"195","이터널시티"
"196","테트리스"
"197","아이템"
"198","워크래프트"
"199","리그오브레전드"
"200","게임사, 게임사이..."
"201","리니지2"
"202","워크래프트"
"203","게임사, 게임사이..."
"204","프린세스메이커"
"205","롤플레잉게임"
"206","플레이스테이션"
"207","오크"
"208","바둑"
"209","메달오브아너"
"210","롤러코스터타이쿤"
"211","액션, 어드벤처..."
"212","롤플레잉게임"
"213","이터널시티"
"214","리그오브레전드"
"215","퀘스트"
"216","록맨"
"217","오버워치"
"218","심즈"
"219","액션, 어드벤처..."
"220","니드포스피드"
"221","FPS, 슈팅게임"
"222","지역"
"223","심즈"
"224","게임 제작, 기획"
"225","나이트엘프"
"226","지역"
"227","건즈더듀얼"
"228","게임 제작, 기획"
"229","지역"
"230","캐릭터"
"231","리그오브레전드"
"232","아이템"
"233","몬스터"
"234","지역"
"235","아바(A.V.A 온..."
"236","게임리그, 게이머"
"237","지역"
"238","리그오브레전드"
"239","휴먼"
"240","롤플레잉게임"
"241","콜오브듀티"
"242","포켓몬"
"243","모바일게임"
"244","모바일게임"
"245","모바일게임"
"246","모바일게임"
"247","닌텐도Wii"
"248","록맨"
"249","지역"
"250","뮤온라인"
"251","인디게임"
"252","모바일게임"
"253","롤플레잉게임"
"254","오크"
"255","레이싱게임"
"256","퀘스트"
"257","게임리그, 게이머"
"258","휴먼"
"259","피파시리즈"
"260","마인크래프트"
"261","모바일게임"
"262","콜오브듀티"
"263","마인크래프트"
"264","포켓몬"
"265","닌텐도DS"
"266","롤플레잉게임"
"267","게임리그, 게이머"
"268","피파시리즈"
"269","그란투리스모"
"270","캐릭터"
"271","모바일게임"
"272","FPS, 슈팅게임"
"273","게임리그, 게이머"
"274","메달오브아너"
"275","롤플레잉게임"
"276","닌텐도DS"
"277","카트라이더"
"278","GTA"
"279","카운터스트라이크"
"280","플레이스테이션"
"281","아이템"
"282","디지몬알피지"
"283","게임사, 게임사이..."
"284","레이싱게임"
"285","지역"
"286","게임사, 게임사이..."
"287","오버워치"
"288","배틀그라운드"
"289","FPS, 슈팅게임"
"290","지역"
"291","비디오게임"
"292","게임리그, 게이머"
"293","리니지"
"294","오버워치"
"295","메이플스토리"
"296","메이플스토리실행"
"297","게임사, 게임사이..."
"298","게임 제작, 기획"
"299","메이플스토리"
"300","메이플스토리실행"
"301","닌텐도DS"
"302","모바일게임"
"303","FPS, 슈팅게임"
"304","퀘스트"
"305","게임리그, 게이머"
"306","포켓몬"
"307","플레이스테이션"
"308","플레이스테이션"
"309","건즈더듀얼"
"310","몬스터"
"311","모바일게임"
"312","보드, 퍼즐 게임"
"313","모바일게임"
"314","마인크래프트"
"315","모바일게임"
"316","게임사, 게임사이..."
"317","모바일게임"
"318","캐릭터"
"319","바람의나라실행"
"320","레인보우식스"
"321","모바일게임"
"322","게임리그, 게이머"
"323","액션, 어드벤처..."
"324","마인크래프트"
"325","심즈"
"326","마인크래프트"
"327","오버워치"
"328","나이트온라인"
"329","마인크래프트"
"330","그란투리스모"
"331","건즈더듀얼"
"332","FPS, 슈팅게임"
"333","액션, 어드벤처..."
"334","지역"
"335","모바일게임"
"336","게임사, 게임사이..."
"337","게임사, 게임사이..."
"338","파이널판타지"
"339","체스"
"340","게임 제작, 기획"
"341","슈퍼마리오"
"342","메달오브아너"
"343","심즈"
"344","인디게임"
"345","카드게임"
"346","스타크래프트"
"347","오크"
"348","피파시리즈"
"349","리그오브레전드"
"350","바둑"
"351","풋볼매니저"
"352","모바일게임"
"353","레이싱게임"
"354","배틀필드"
"355","포켓몬"
"356","캐릭터"
"357","아이템"
"358","모바일게임"
"359","지역"
"360","게임리그, 게이머"
"361","디아블로"
"362","닌텐도DS"
"363","오버워치"
"364","지역"
"365","저그"
"366","FPS, 슈팅게임"
"367","캐릭터"
"368","포켓몬"
"369","마인크래프트"
"370","디아블로"
"371","디아블로"
"372","액션, 어드벤처..."
"373","모바일게임"
"374","게임리그, 게이머"
"375","액션, 어드벤처..."
"376","건즈더듀얼"
"377","나이트엘프"
"378","리니지2"
"379","모바일게임"
"380","리그오브레전드"
"381","화투게임"
"382","인디게임"
"383","마인크래프트"
"384","포켓몬"
"385","서든어택"
"386","액션, 어드벤처..."
"387","서든어택"
"388","게임사, 게임사이..."
"389","플레이스테이션"
"390","FPS, 슈팅게임"
"391","인디게임"
"392","캐릭터"
"393","게임 제작, 기획"
"394","게임리그, 게이머"
"395","심즈"
"396","포트리스"
"397","디아블로"
"398","오버워치"
"399","롤플레잉게임"
"400","보드, 퍼즐 게임"
"401","피파시리즈"
"402","모바일게임"
"403","리그오브레전드"
"404","포켓몬"
"405","지역"
"406","닌텐도DS"
"407","인디게임"
"408","심즈"
"409","리그오브레전드"
"410","게임리그, 게이머"
"411","액션, 어드벤처..."
"412","닌텐도Wii"
"413","지역"
"414","지역"
"415","지역"
"416","모바일게임"
"417","리그오브레전드"
"418","메달오브아너"
"419","던전앤파이터실행"
"420","마인크래프트"
"421","메달오브아너"
"422","메달오브아너"
"423","액션, 어드벤처..."
"424","게임사, 게임사이..."
"425","포켓몬"
"426","아이템"
"427","메이플스토리"
"428","콜오브듀티"
"429","리니지2"
"430","콜오브듀티"
"431","시뮬레이션게임"
"432","피파시리즈"
"433","아이템"
"434","게임사, 게임사이..."
"435","롤플레잉게임"
"436","삼국지"
"437","게임사, 게임사이..."
"438","피파시리즈"
"439","인디게임"
"440","액션, 어드벤처..."
"441","나이트엘프"
"442","나이트엘프"
"443","나이트엘프"
"444","롤플레잉게임"
"445","캐릭터"
"446","게임사, 게임사이..."
"447","피파시리즈"
"448","캐릭터"
"449","오버워치"
"450","캐릭터"
"451","시뮬레이션게임"
"452","모바일게임"
"453","보드, 퍼즐 게임"
"454","리니지"
"455","바람의나라실행"
"456","액션, 어드벤처..."
"457","게임사, 게임사이..."
"458","플레이스테이션"
"459","시뮬레이션게임"
"460","테라"
"461","지역"
"462","메달오브아너"
"463","메달오브아너"
"464","GTA"
"465","게임리그, 게이머"
"466","인디게임"
"467","바람의나라실행"
"468","마인크래프트"
"469","인디게임"
"470","피파시리즈"
"471","심즈"
"472","FPS, 슈팅게임"
"473","캐릭터"
"474","게임사, 게임사이..."
"475","닌텐도DS"
"476","록맨"
"477","플레이스테이션"
"478","모바일게임"
"479","시뮬레이션게임"
"480","삼국지"
"481","모바일게임"
"482","액션, 어드벤처..."
"483","모바일게임"
"484","메이플스토리실행"
"485","액션, 어드벤처..."
"486","건즈더듀얼"
"487","바둑"
"488","메달오브아너"
"489","록맨"
"490","모바일게임"
"491","군주"
"492","콜오브듀티"
"493","닌텐도Wii"
"494","건즈더듀얼"
"495","레인보우식스"
"496","나이트온라인"
"497","삼국지"
"498","FPS, 슈팅게임"
"499","리그오브레전드"
"500","리그오브레전드"
"501","게임사, 게임사이..."
"502","모바일게임"
"503","심즈"
"504","겟앰프드"
"505","화투게임"
"506","캐릭터"
"507","롤플레잉게임"
"508","게임리그, 게이머"
"509","피파시리즈"
"510","아이템"
"511","캐릭터"
"512","롤플레잉게임"
"513","롤플레잉게임"
"514","건즈더듀얼"
"515","GTA"
"516","건즈더듀얼"
"517","리그오브레전드"
"518","보드, 퍼즐 게임"
"519","롤플레잉게임"
"520","포켓몬"
"521","게임사, 게임사이..."
"522","테일즈런너"
"523","워크래프트"
"524","액션, 어드벤처..."
"525","시뮬레이션게임"
"526","게임사, 게임사이..."
"527","캐릭터"
"528","액션, 어드벤처..."
"529","포켓몬"
"530","피파시리즈"
"531","심즈"
"532","리그오브레전드"
"533","콜오브듀티"
"534","마구마구"
"535","닌텐도Wii"
"536","시뮬레이션게임"
"537","건즈더듀얼"
"538","게임사, 게임사이..."
"539","아이템"
"540","슈퍼마리오"
"541","인디게임"
"542","게임리그, 게이머"
"543","캐릭터"
"544","비디오게임"
"545","나이트온라인"
"546","롤플레잉게임"
"547","피파시리즈"
"548","리그오브레전드"
"549","체스"
"550","포켓몬"
"551","오버워치"
"552","게임리그, 게이머"
"553","지역"
"554","모바일게임"
"555","닌텐도DS"
"556","GTA"
"557","나이트엘프"
"558","롤플레잉게임"
"559","FPS, 슈팅게임"
"560","겟앰프드"
"561","액션, 어드벤처..."
"562","던전앤파이터"
"563","시뮬레이션게임"
"564","건즈더듀얼"
"565","게임 제작, 기획"
"566","나이트엘프"
"567","롤플레잉게임"
"568","닌텐도DS"
"569","마인크래프트"
"570","캐릭터"
"571","메달오브아너"
"572","캐릭터"
"573","게임리그, 게이머"
"574","마인크래프트"
"575","액션, 어드벤처..."
"576","액션, 어드벤처..."
"577","심즈"
"578","플레이스테이션"
"579","FPS, 슈팅게임"
"580","게임사, 게임사이..."
"581","인디게임"
"582","GTA"
"583","인디게임"
"584","게임 제작, 기획"
"585","NBA시리즈"
"586","모바일게임"
"587","보드, 퍼즐 게임"
"588","모바일게임"
"589","닌텐도Wii"
"590","게임리그, 게이머"
"591","리니지2"
"592","인디게임"
"593","보드, 퍼즐 게임"
"594","디지몬알피지"
"595","리니지2"
"596","게임 제작, 기획"
"597","닌텐도Wii"
"598","카드게임"
"599","게임사, 게임사이..."
"600","건즈더듀얼"
"601","디지몬알피지"
"602","카드게임"
"603","롤플레잉게임"
"604","마인크래프트"
"605","리니지"
"606","게임사, 게임사이..."
"607","테트리스"
"608","모바일게임"
"609","메이플스토리"
"610","몬스터"
"611","건즈더듀얼"
"612","시뮬레이션게임"
"613","록맨"
"614","오버워치"
"615","바람의나라실행"
"616","피파시리즈"
"617","게임리그, 게이머"
"618","게임리그, 게이머"
"619","건즈더듀얼"
"620","레이싱게임"
"621","포켓몬"
"622","엑스박스"
"623","오버워치"
"624","나이트엘프"
"625","퀘스트"
"626","화투게임"
"627","스페셜포스"
"628","디지몬알피지"
"629","몬스터"
"630","FPS, 슈팅게임"
"631","GTA"
"632","인디게임"
"633","퀘스트"
"634","닌텐도DS"
"635","리그오브레전드"
"636","메달오브아너"
"637","닌텐도Wii"
"638","배틀그라운드"
"639","액션, 어드벤처..."
"640","지역"
"641","인디게임"
"642","마인크래프트"
"643","플레이스테이션"
"644","액션, 어드벤처..."
"645","인디게임"
"646","스포츠게임"
"647","게임 제작, 기획"
"648","롤플레잉게임"
"649","게임사, 게임사이..."
"650","인디게임"
"651","액션, 어드벤처..."
"652","몬스터"
"653","오버워치"
"654","나이트엘프"
"655","도적"
"656","모바일게임"
"657","카드게임"
"658","캐릭터"
"659","콜오브듀티"
"660","레인보우식스"
"661","NBA시리즈"
"662","캐릭터"
"663","마인크래프트"
"664","메달오브아너"
"665","모바일게임"
"666","배틀필드"
"667","FPS, 슈팅게임"
"668","포켓몬"
"669","리니지2"
"670","게임리그, 게이머"
"671","지역"
"672","닌텐도DS"
"673","인디게임"
"674","캐릭터"
"675","오버워치"
"676","오버워치"
"677","롤플레잉게임"
"678","게임리그, 게이머"
"679","게임사, 게임사이..."
"680","게임리그, 게이머"
"681","시뮬레이션게임"
"682","지역"
"683","게임리그, 게이머"
"684","시뮬레이션게임"
"685","아스가르드"
"686","리니지2"
"687","게임 제작, 기획"
"688","나이트엘프"
"689","비디오게임"
"690","모바일게임"
"691","레이싱게임"
"692","거상실행"
"693","리그오브레전드"
"694","오버워치"
"695","포켓몬"
"696","스타크래프트"
"697","풋볼매니저"
"698","워크래프트"
"699","FPS, 슈팅게임"
"700","리그오브레전드"
"701","GTA"
"702","나이트엘프"
"703","건즈더듀얼"
"704","캐릭터"
"705","바람의나라실행"
"706","휴먼"
"707","마인크래프트"
"708","풋볼매니저"
"709","장기"
"710","모바일게임"
"711","플레이스테이션"
"712","오크"
"713","게임리그, 게이머"
"714","게임리그, 게이머"
"715","피파시리즈"
"716","레이싱게임"
"717","게임사, 게임사이..."
"718","액션, 어드벤처..."
"719","GTA"
"720","인디게임"
"721","건즈더듀얼"
"722","마인크래프트"
"723","화투게임"
"724","건즈더듀얼"
"725","게임리그, 게이머"
"726","삼국지"
"727","액션, 어드벤처..."
"728","리그오브레전드"
"729","스타크래프트"
"730","시뮬레이션게임"
"731","지역"
"732","마인크래프트"
"733","건즈더듀얼"
"734","건즈더듀얼"
"735","닌텐도DS"
"736","시뮬레이션게임"
"737","거상실행"
"738","건즈더듀얼"
"739","액션, 어드벤처..."
"740","슈퍼마리오"
"741","바이오해저드"
"742","피파시리즈"
"743","캐릭터"
"744","몬스터"
"745","캐릭터"
"746","모바일게임"
"747","모바일게임"
"748","오버워치"
"749","시티레이서"
"750","휴먼"
"751","메달오브아너"
"752","메달오브아너"
"753","마인크래프트"
"754","게임사, 게임사이..."
"755","게임 제작, 기획"
"756","플레이스테이션"
"757","액션, 어드벤처..."
"758","심즈"
"759","테트리스"
"760","콜오브듀티"
"761","FPS, 슈팅게임"
"762","액션, 어드벤처..."
"763","테트리스"
"764","마인크래프트"
"765","롤플레잉게임"
"766","게임리그, 게이머"
"767","몬스터"
"768","게임사, 게임사이..."
"769","지역"
"770","리니지2"
"771","오버워치"
"772","게임사, 게임사이..."
"773","바람의나라"
"774","모바일게임"
"775","엘소드"
"776","오버워치"
"777","인디게임"
"778","배틀그라운드"
"779","게임사, 게임사이..."
"780","심즈"
"781","피파시리즈"
"782","지역"
"783","피파시리즈"
"784","포켓몬"
"785","마인크래프트"
"786","카운터스트라이크"
"787","닌텐도DS"
"788","심즈"
"789","마인크래프트"
"790","모바일게임"
"791","리그오브레전드"
"792","퀘스트"
"793","게임사, 게임사이..."
"794","마법사"
"795","월드오브워크래프..."
"796","마인크래프트"
"797","오크"
"798","오버워치"
"799","게임리그, 게이머"
"800","오버워치"
"801","캐릭터"
"802","시뮬레이션게임"
"803","액션, 어드벤처..."
"804","스도쿠"
"805","메이플스토리"
"806","캐릭터"
"807","겟앰프드"
"808","리그오브레전드"
"809","리니지2"
"810","뮤온라인"
"811","오디션"
"812","GTA"
"813","인디게임"
"814","롤플레잉게임"
"815","액션, 어드벤처..."
"816","열혈강호온라인"
"817","리그오브레전드"
"818","마인크래프트"
"819","비디오게임"
"820","나이트엘프"
"821","캐릭터"
"822","닌텐도Wii"
"823","모바일게임"
"824","건즈더듀얼"
"825","리그오브레전드"
"826","인디게임"
"827","마인크래프트"
"828","아이온"
"829","게임사, 게임사이..."
"830","레이싱게임"
"831","마인크래프트"
"832","리그오브레전드"
"833","캐릭터"
"834","오버워치"
"835","액션, 어드벤처..."
"836","마인크래프트"
"837","메달오브아너"
"838","오버워치"
"839","오버워치"
"840","캐릭터"
"841","플레이스테이션"
"842","롤플레잉게임"
"843","리그오브레전드"
"844","플레이스테이션"
"845","롤플레잉게임"
"846","모바일게임"
"847","철권"
"848","모바일게임"
"849","FPS, 슈팅게임"
"850","아이템"
"851","겟앰프드"
"852","메달오브아너"
"853","배틀필드"
"854","메달오브아너"
"855","닌텐도Wii"
"856","플레이스테이션"
"857","메달오브아너"
"858","열혈강호온라인"
"859","게임리그, 게이머"
"860","오버워치"
"861","롤플레잉게임"
"862","닌텐도DS"
"863","건즈더듀얼"
"864","롤플레잉게임"
"865","닌텐도DS"
"866","테트리스"
"867","액션, 어드벤처..."
"868","심즈"
"869","카드게임"
"870","레이싱게임"
"871","닌텐도Wii"
"872","마인크래프트"
"873","메이플스토리실행"
"874","나이트온라인"
"875","커맨드앤컨커"
"876","리그오브레전드"
"877","액션, 어드벤처..."
"878","아이템"
"879","액션, 어드벤처..."
"880","닌텐도Wii"
"881","인디게임"
"882","아이템"
"883","액션, 어드벤처..."
"884","오버워치"
"885","액션, 어드벤처..."
"886","모바일게임"
"887","던전앤파이터실행"
"888","보드, 퍼즐 게임"
"889","시뮬레이션게임"
"890","오버워치"
"891","시뮬레이션게임"
"892","포켓몬"
"893","몬스터"
"894","액션, 어드벤처..."
"895","보드, 퍼즐 게임"
"896","심즈"
"897","인디게임"
"898","붉은보석"
"899","인디게임"
"900","인디게임"
"901","장기"
"902","피파시리즈"
"903","엑스박스"
"904","아이템"
"905","플레이스테이션"
"906","인디게임"
"907","오버워치"
"908","크로노스"
"909","리니지2"
"910","게임리그, 게이머"
"911","플레이스테이션"
"912","아이템"
"913","아이템"
"914","건즈더듀얼"
"915","심즈"
"916","게임사, 게임사이..."
"917","인디게임"
"918","NBA시리즈"
"919","나이트온라인"
"920","모바일게임"
"921","액션, 어드벤처..."
"922","리니지2"
"923","테트리스"
"924","액션, 어드벤처..."
"925","모바일게임"
"926","카트라이더"
"927","닌텐도DS"
"928","건즈더듀얼"
"929","리니지2"
"930","마인크래프트"
"931","심즈"
"932","몬스터"
"933","NBA시리즈"
"934","엑스박스"
"935","붉은보석"
"936","마인크래프트"
"937","닌텐도Wii"
"938","알투비트"
"939","캐릭터"
"940","액션, 어드벤처..."
"941","피파시리즈"
"942","거상실행"
"943","피파시리즈"
"944","플레이스테이션"
"945","게임사, 게임사이..."
"946","지역"
"947","마인크래프트"
"948","모바일게임"
"949","건즈더듀얼"
"950","피파시리즈"
"951","롤플레잉게임"
"952","게임사, 게임사이..."
"953","화투게임"
"954","던전앤파이터"
"955","롤플레잉게임"
"956","마인크래프트"
"957","인디게임"
"958","액션, 어드벤처..."
"959","인디게임"
"960","심즈"
"961","닌텐도DS"
"962","지역"
"963","심즈"
"964","모바일게임"
"965","메달오브아너"
"966","게임 제작, 기획"
"967","리그오브레전드"
"968","FPS, 슈팅게임"
"969","심즈"
"970","닌텐도DS"
"971","FPS, 슈팅게임"
"972","퀘스트"
"973","마인크래프트"
"974","게임리그, 게이머"
"975","모바일게임"
"976","캐릭터"
"977","GTA"
"978","오버워치"
"979","모바일게임"
"980","모바일게임"
"981","인디게임"
"982","포켓몬"
"983","심즈"
"984","롤플레잉게임"
"985","바이오해저드"
"986","닌텐도Wii"
"987","바둑"
"988","포켓몬"
"989","휴먼"
"990","마인크래프트"
"991","리니지2"
"992","포켓몬"
"993","액션, 어드벤처..."
"994","인디게임"
"995","휴먼"
"996","리그오브레전드"
"997","건즈더듀얼"
"998","나이트엘프"
"999","디아블로"
"1000","시뮬레이션게임"
"1001","삼국지"
"1002","롤플레잉게임"
"1003","아이템"
"1004","마인크래프트"
"1005","오버워치"
"1006","롤플레잉게임"
"1007","아이템"
"1008","아이템"
"1009","플레이스테이션"
"1010","마인크래프트"
"1011","게임 제작, 기획"
"1012","피파시리즈"
"1013","피파시리즈"
"1014","화투게임"
"1015","플레이스테이션"
"1016","스타크래프트"
"1017","배틀필드"
"1018","엑스박스"
"1019","오버워치"
"1020","게임사, 게임사이..."
"1021","인디게임"
"1022","마인크래프트"
"1023","액션, 어드벤처..."
"1024","FPS, 슈팅게임"
"1025","게임사, 게임사이..."
"1026","롤플레잉게임"
"1027","나이트온라인"
"1028","게임사, 게임사이..."
"1029","모바일게임"
"1030","나이트엘프"
"1031","캐릭터"
"1032","리그오브레전드"
"1033","리니지2"
"1034","닌텐도Wii"
"1035","게임리그, 게이머"
"1036","액션, 어드벤처..."
"1037","붉은보석"
"1038","게임리그, 게이머"
"1039","오버워치"
"1040","포켓몬"
"1041","보드, 퍼즐 게임"
"1042","오버워치"
"1043","인디게임"
"1044","월드오브워크래프..."
"1045","메달오브아너"
"1046","풋볼매니저"
"1047","게임사, 게임사이..."
"1048","닌텐도Wii"
"1049","시뮬레이션게임"
"1050","심즈"
"1051","워크래프트"
"1052","포켓몬"
"1053","롤플레잉게임"
"1054","닌텐도DS"
"1055","나이트엘프"
"1056","게임사, 게임사이..."
"1057","마인크래프트"
"1058","오버워치"
"1059","건즈더듀얼"
"1060","닌텐도Wii"
"1061","게임사, 게임사이..."
"1062","건즈더듀얼"
"1063","건즈더듀얼"
"1064","리그오브레전드"
"1065","리그오브레전드"
"1066","롤플레잉게임"
"1067","스도쿠"
"1068","리그오브레전드"
"1069","콜오브듀티"
"1070","몬스터"
"1071","인디게임"
"1072","액션, 어드벤처..."
"1073","리그오브레전드"
"1074","레이싱게임"
"1075","시뮬레이션게임"
"1076","모바일게임"
"1077","닌텐도DS"
"1078","아이온"
"1079","오버워치"
"1080","심즈"
"1081","모바일게임"
"1082","롤플레잉게임"
"1083","모바일게임"
"1084","게임리그, 게이머"
"1085","액션, 어드벤처..."
"1086","비디오게임"
"1087","메달오브아너"
"1088","액션, 어드벤처..."
"1089","닌텐도DS"
"1090","마인크래프트"
"1091","프로토스"
"1092","마인크래프트"
"1093","GTA"
"1094","레이싱게임"
"1095","게임사, 게임사이..."
"1096","FPS, 슈팅게임"
"1097","인디게임"
"1098","캐릭터"
"1099","포켓몬"
"1100","아이템"
"1101","건즈더듀얼"
"1102","워크래프트"
"1103","롤플레잉게임"
"1104","액션, 어드벤처..."
"1105","게임 제작, 기획"
"1106","액션, 어드벤처..."
"1107","모바일게임"
"1108","피파시리즈"
"1109","롤플레잉게임"
"1110","오버워치"
"1111","FPS, 슈팅게임"
"1112","인디게임"
"1113","배틀그라운드"
"1114","모바일게임"
"1115","인디게임"
"1116","피파시리즈"
"1117","퀘스트"
"1118","시뮬레이션게임"
"1119","GTA"
"1120","심즈"
"1121","심즈"
"1122","인디게임"
"1123","퀘스트"
"1124","아스가르드"
"1125","게임사, 게임사이..."
"1126","메달오브아너"
"1127","리니지2"
"1128","롤플레잉게임"
"1129","거상실행"
"1130","게임사, 게임사이..."
"1131","레이싱게임"
"1132","인디게임"
"1133","시뮬레이션게임"
"1134","GTA"
"1135","모바일게임"
"1136","게임 제작, 기획"
"1137","지역"
"1138","카드게임"
"1139","콜오브듀티"
"1140","인디게임"
"1141","몬스터"
"1142","인디게임"
"1143","롤플레잉게임"
"1144","인디게임"
"1145","롤플레잉게임"
"1146","메달오브아너"
"1147","나이트엘프"
"1148","FPS, 슈팅게임"
"1149","거상실행"
"1150","게임사, 게임사이..."
"1151","게임사, 게임사이..."
"1152","비디오게임"
"1153","디아블로"
"1154","시뮬레이션게임"
"1155","게임리그, 게이머"
"1156","그란투리스모"
"1157","롤플레잉게임"
"1158","디아블로"
"1159","모바일게임"
"1160","몬스터"
"1161","액션, 어드벤처..."
"1162","엑스박스"
"1163","카드게임"
"1164","파이널판타지"
"1165","롤플레잉게임"
"1166","레이싱게임"
"1167","모바일게임"
"1168","닌텐도DS"
"1169","메달오브아너"
"1170","몬스터"
"1171","액션, 어드벤처..."
"1172","인디게임"
"1173","인디게임"
"1174","오버워치"
"1175","캐릭터"
"1176","모바일게임"
"1177","시뮬레이션게임"
"1178","커맨드앤컨커"
"1179","아이템"
"1180","모바일게임"
"1181","롤플레잉게임"
"1182","모바일게임"
"1183","몬스터"
"1184","리그오브레전드"
"1185","리니지2"
"1186","노바"
"1187","오버워치"
"1188","GTA"
"1189","모바일게임"
"1190","닌텐도Wii"
"1191","롤플레잉게임"
"1192","킹오브파이터즈"
"1193","게임 제작, 기획"
"1194","인디게임"
"1195","보드, 퍼즐 게임"
"1196","포켓몬"
"1197","용병"
"1198","모바일게임"
"1199","프리스타일"
"1200","액션, 어드벤처..."
"1201","오버워치"
"1202","리그오브레전드"
"1203","인디게임"
"1204","모바일게임"
"1205","모바일게임"
"1206","게임사, 게임사이..."
"1207","테트리스"
"1208","몬스터"
"1209","마인크래프트"
"1210","레인보우식스"
"1211","게임 제작, 기획"
"1212","거상실행"
"1213","게임사, 게임사이..."
"1214","인디게임"
"1215","몬스터"
"1216","시티레이서"
"1217","보드, 퍼즐 게임"
"1218","철권"
"1219","지역"
"1220","퀘스트"
"1221","액션, 어드벤처..."
"1222","리그오브레전드"
"1223","포켓몬"
"1224","롤플레잉게임"
"1225","심즈"
"1226","액션, 어드벤처..."
"1227","캐릭터"
"1228","게임사, 게임사이..."
"1229","카트라이더"
"1230","롤플레잉게임"
"1231","모바일게임"
"1232","철권"
"1233","마인크래프트"
"1234","퀘스트"
"1235","게임사, 게임사이..."
"1236","퀘스트"
"1237","게임사, 게임사이..."
"1238","NBA시리즈"
"1239","피파시리즈"
"1240","시뮬레이션게임"
"1241","콜오브듀티"
"1242","시뮬레이션게임"
"1243","롤플레잉게임"
"1244","마인크래프트"
"1245","닌텐도DS"
"1246","콜오브듀티"
"1247","인디게임"
"1248","캐릭터"
"1249","심즈"
"1250","게임사, 게임사이..."
"1251","다크에덴"
"1252","FPS, 슈팅게임"
"1253","게임 제작, 기획"
"1254","플레이스테이션"
"1255","바람의나라실행"
"1256","시뮬레이션게임"
"1257","포켓몬"
"1258","슈퍼마리오"
"1259","마인크래프트"
"1260","모바일게임"
"1261","포켓몬"
"1262","심즈"
"1263","모바일게임"
"1264","피파시리즈"
"1265","포켓몬"
"1266","몬스터"
"1267","마인크래프트"
"1268","월드오브워크래프..."
"1269","퀘스트"
"1270","심즈"
"1271","퀘스트"
"1272","포켓몬"
"1273","리그오브레전드"
"1274","게임리그, 게이머"
"1275","캐릭터"
"1276","게임사, 게임사이..."
"1277","게임사, 게임사이..."
"1278","닌텐도DS"
"1279","닌텐도DS"
"1280","오버워치"
"1281","FPS, 슈팅게임"
"1282","닌텐도Wii"
"1283","장기"
"1284","게임사, 게임사이..."
"1285","게임리그, 게이머"
"1286","포켓몬"
"1287","캐릭터"
"1288","인디게임"
"1289","캐릭터"
"1290","피파시리즈"
"1291","마구마구"
"1292","메이플스토리실행"
"1293","피파시리즈"
"1294","오버워치"
"1295","알투비트"
"1296","몬스터"
"1297","모바일게임"
"1298","비디오게임"
"1299","오버워치"
"1300","게임사, 게임사이..."
"1301","캐릭터"
"1302","게임사, 게임사이..."
"1303","모바일게임"
"1304","액션, 어드벤처..."
"1305","바람의나라실행"
"1306","열혈강호온라인"
"1307","마인크래프트"
"1308","엘소드"
"1309","리니지2"
"1310","액션, 어드벤처..."
"1311","리그오브레전드"
"1312","피파시리즈"
"1313","리니지2"
"1314","해적"
"1315","슈퍼마리오"
"1316","건즈더듀얼"
"1317","롤플레잉게임"
"1318","오버워치"
"1319","리니지2"
"1320","메달오브아너"
"1321","피파시리즈"
"1322","시뮬레이션게임"
"1323","마인크래프트"
"1324","오버워치"
"1325","리그오브레전드"
"1326","모바일게임"
"1327","롤플레잉게임"
"1328","게임사, 게임사이..."
"1329","카드게임"
"1330","워크래프트"
"1331","보드, 퍼즐 게임"
"1332","인디게임"
"1333","심즈"
"1334","피파시리즈"
"1335","리그오브레전드"
"1336","피파시리즈"
"1337","롤플레잉게임"
"1338","액션, 어드벤처..."
"1339","나이트온라인"
"1340","게임사, 게임사이..."
"1341","피파시리즈"
"1342","모바일게임"
"1343","워크래프트"
"1344","PSP"
"1345","FPS, 슈팅게임"
"1346","심즈"
"1347","액션, 어드벤처..."
"1348","인디게임"
"1349","모바일게임"
"1350","오크"
"1351","게임 제작, 기획"
"1352","마인크래프트"
"1353","인디게임"
"1354","FPS, 슈팅게임"
"1355","게임리그, 게이머"
"1356","나이트엘프"
"1357","인디게임"
"1358","오디션"
"1359","메달오브아너"
"1360","게임사, 게임사이..."
"1361","모바일게임"
"1362","리니지2"
"1363","게임 제작, 기획"
"1364","마인크래프트"
"1365","리그오브레전드"
"1366","닌텐도DS"
"1367","마인크래프트"
"1368","리그오브레전드"
"1369","플레이스테이션"
"1370","오버워치"
"1371","철권"
"1372","게임 제작, 기획"
"1373","게임사, 게임사이..."
"1374","게임사, 게임사이..."
"1375","게임사, 게임사이..."
"1376","액션, 어드벤처..."
"1377","게임사, 게임사이..."
"1378","롤플레잉게임"
"1379","마인크래프트"
"1380","닌텐도DS"
"1381","캐릭터"
"1382","닌텐도DS"
"1383","테트리스"
"1384","심즈"
"1385","배틀그라운드"
"1386","리그오브레전드"
"1387","피파시리즈"
"1388","FPS, 슈팅게임"
"1389","인디게임"
"1390","게임사, 게임사이..."
"1391","플레이스테이션"
"1392","리그오브레전드"
"1393","플레이스테이션"
"1394","오버워치"
"1395","카트라이더"
"1396","배틀필드"
"1397","스맥다운"
"1398","피파시리즈"
"1399","이터널시티"
"1400","닌텐도DS"
"1401","게임리그, 게이머"
"1402","게임사, 게임사이..."
"1403","오버워치"
"1404","모바일게임"
"1405","게임사, 게임사이..."
"1406","퀘스트"
"1407","마인크래프트"
"1408","엑스박스"
"1409","건즈더듀얼"
"1410","오버워치"
"1411","콜오브듀티"
"1412","닌텐도Wii"
"1413","피파시리즈"
"1414","오크"
"1415","인디게임"
"1416","장기"
"1417","포켓몬"
"1418","아이템"
"1419","포켓몬"
"1420","바람의나라실행"
"1421","아이템"
"1422","인디게임"
"1423","마인크래프트"
"1424","카드게임"
"1425","건즈더듀얼"
"1426","캐릭터"
"1427","게임사, 게임사이..."
"1428","언데드"
"1429","카트라이더"
"1430","닌텐도DS"
"1431","포켓몬"
"1432","액션, 어드벤처..."
"1433","메달오브아너"
"1434","지역"
"1435","모바일게임"
"1436","인디게임"
"1437","게임리그, 게이머"
"1438","게임사, 게임사이..."
"1439","인디게임"
"1440","인디게임"
"1441","바둑"
"1442","인디게임"
"1443","롤러코스터타이쿤"
"1444","지역"
"1445","지역"
"1446","메달오브아너"
"1447","플레이스테이션"
"1448","지역"
"1449","캐릭터"
"1450","몬스터"
"1451","GTA"
"1452","플레이스테이션"
"1453","마인크래프트"
"1454","마인크래프트"
"1455","롤플레잉게임"
"1456","엑스박스"
"1457","인디게임"
"1458","오버워치"
"1459","롤플레잉게임"
"1460","체스"
"1461","액션, 어드벤처..."
"1462","닌텐도DS"
"1463","게임리그, 게이머"
"1464","콜오브듀티"
"1465","PSP"
"1466","게임사, 게임사이..."
"1467","롤러코스터타이쿤"
"1468","오버워치"
"1469","스맥다운"
"1470","액션, 어드벤처..."
"1471","거상실행"
"1472","카드게임"
"1473","인디게임"
"1474","오버워치"
"1475","모바일게임"
"1476","록맨"
"1477","게임사, 게임사이..."
"1478","플레이스테이션"
"1479","나이트온라인"
"1480","스포츠게임"
"1481","스도쿠"
"1482","닌텐도DS"
"1483","마인크래프트"
"1484","카트라이더"
"1485","포켓몬"
"1486","인디게임"
"1487","롤플레잉게임"
"1488","인디게임"
"1489","모바일게임"
"1490","모바일게임"
"1491","퀘스트"
"1492","모바일게임"
"1493","게임사, 게임사이..."
"1494","리그오브레전드"
"1495","게임리그, 게이머"
"1496","심즈"
"1497","건즈더듀얼"
"1498","게임사, 게임사이..."
"1499","롤플레잉게임"
"1500","FPS, 슈팅게임"
"1501","리니지2"
"1502","리그오브레전드"
"1503","캐릭터"
"1504","퀘스트"
"1505","오버워치"
"1506","서든어택"
"1507","시뮬레이션게임"
"1508","스포츠게임"
"1509","오버워치"
"1510","닌텐도DS"
"1511","열혈강호온라인"
"1512","퀘스트"
"1513","롤플레잉게임"
"1514","리니지"
"1515","게임리그, 게이머"
"1516","인디게임"
"1517","게임사, 게임사이..."
"1518","지역"
"1519","비디오게임"
"1520","게임사, 게임사이..."
"1521","심즈"
"1522","몬스터"
"1523","롤플레잉게임"
"1524","심즈"
"1525","아이템"
"1526","리니지2"
"1527","FPS, 슈팅게임"
"1528","닌텐도Wii"
"1529","라그나로크"
"1530","액션, 어드벤처..."
"1531","비디오게임"
"1532","테트리스"
"1533","마구마구"
"1534","포켓몬"
"1535","시뮬레이션게임"
"1536","캐릭터"
"1537","언데드"
"1538","액션, 어드벤처..."
"1539","거상실행"
"1540","닌텐도DS"
"1541","카트라이더"
"1542","파이널판타지"
"1543","퀘스트"
"1544","인디게임"
"1545","롤플레잉게임"
"1546","모바일게임"
"1547","인디게임"
"1548","레인보우식스"
"1549","롤플레잉게임"
"1550","서든어택"
"1551","오버워치"
"1552","블레이드앤소울"
"1553","테트리스"
"1554","닌텐도DS"
"1555","철권"
"1556","마인크래프트"
"1557","인디게임"
"1558","몬스터"
"1559","리그오브레전드"
"1560","모바일게임"
"1561","마인크래프트"
"1562","리그오브레전드"
"1563","엑스박스"
"1564","게임사, 게임사이..."
"1565","바둑"
"1566","피파시리즈"
"1567","오버워치"
"1568","시뮬레이션게임"
"1569","거상실행"
"1570","서든어택"
"1571","오디션"
"1572","나이트엘프"
"1573","인디게임"
"1574","닌텐도DS"
"1575","던전앤파이터"
"1576","니드포스피드"
"1577","캐릭터"
"1578","건즈더듀얼"
"1579","오버워치"
"1580","피파시리즈"
"1581","게임 제작, 기획"
"1582","플레이스테이션"
"1583","몬스터"
"1584","워크래프트"
"1585","메달오브아너"
"1586","롤플레잉게임"
"1587","오버워치"
"1588","게임리그, 게이머"
"1589","배틀그라운드"
"1590","GTA"
"1591","캐릭터"
"1592","액션, 어드벤처..."
"1593","나이트온라인"
"1594","피파시리즈"
"1595","롤플레잉게임"
"1596","아이템"
"1597","포켓몬"
"1598","인디게임"
"1599","마인크래프트"
"1600","붉은보석"
"1601","롤플레잉게임"
"1602","피파시리즈"
"1603","게임 제작, 기획"
"1604","오버워치"
"1605","카드게임"
"1606","리그오브레전드"
"1607","지역"
"1608","액션, 어드벤처..."
"1609","아이템"
"1610","모바일게임"
"1611","플레이스테이션"
"1612","나이트온라인"
"1613","메달오브아너"
"1614","피파시리즈"
"1615","심즈"
"1616","메이플스토리실행"
"1617","퀘스트"
"1618","리니지2"
"1619","포켓몬"
"1620","롤플레잉게임"
"1621","게임사, 게임사이..."
"1622","워크래프트"
"1623","모바일게임"
"1624","게임 제작, 기획"
"1625","나이트온라인"
"1626","메이플스토리"
"1627","오디션"
"1628","액션, 어드벤처..."
"1629","액션, 어드벤처..."
"1630","리니지2"
"1631","마인크래프트"
"1632","마인크래프트"
"1633","게임리그, 게이머"
"1634","게임리그, 게이머"
"1635","스페셜포스"
"1636","인디게임"
"1637","피파시리즈"
"1638","캐릭터"
"1639","메달오브아너"
"1640","리니지2"
"1641","모바일게임"
"1642","리그오브레전드"
"1643","포켓몬"
"1644","스맥다운"
"1645","포켓몬"
"1646","액션, 어드벤처..."
"1647","게임사, 게임사이..."
"1648","닌텐도DS"
"1649","메달오브아너"
"1650","롤플레잉게임"
"1651","인디게임"
"1652","FPS, 슈팅게임"
"1653","롤플레잉게임"
"1654","게임리그, 게이머"
"1655","캐릭터"
"1656","게임사, 게임사이..."
"1657","크레이지아케이드"
"1658","마인크래프트"
"1659","액션, 어드벤처..."
"1660","게임리그, 게이머"
"1661","액션, 어드벤처..."
"1662","카드게임"
"1663","게임사, 게임사이..."
"1664","시뮬레이션게임"
"1665","저그"
"1666","리그오브레전드"
"1667","화투게임"
"1668","카트라이더"
"1669","피파시리즈"
"1670","엑스박스"
"1671","콜오브듀티"
"1672","FPS, 슈팅게임"
"1673","테트리스"
"1674","FPS, 슈팅게임"
"1675","보드, 퍼즐 게임"
"1676","지역"
"1677","아이템"
"1678","게임사, 게임사이..."
"1679","메달오브아너"
"1680","리니지"
"1681","FPS, 슈팅게임"
"1682","건즈더듀얼"
"1683","월드오브워크래프..."
"1684","모바일게임"
"1685","게임리그, 게이머"
"1686","마인크래프트"
"1687","건즈더듀얼"
"1688","모바일게임"
"1689","게임사, 게임사이..."
"1690","모바일게임"
"1691","모바일게임"
"1692","마인크래프트"
"1693","피파시리즈"
"1694","오버워치"
"1695","보드, 퍼즐 게임"
"1696","모바일게임"
"1697","건즈더듀얼"
"1698","게임리그, 게이머"
"1699","심즈"
"1700","마인크래프트"
"1701","시뮬레이션게임"
"1702","콜오브듀티"
"1703","게임사, 게임사이..."
"1704","리그오브레전드"
"1705","마인크래프트"
"1706","롤플레잉게임"
"1707","인디게임"
"1708","마인크래프트"
"1709","시뮬레이션게임"
"1710","인디게임"
"1711","인디게임"
"1712","FPS, 슈팅게임"
"1713","심즈"
"1714","몬스터"
"1715","메달오브아너"
"1716","심즈"
"1717","오버워치"
"1718","액션, 어드벤처..."
"1719","아이템"
"1720","롤플레잉게임"
"1721","피파시리즈"
"1722","액션, 어드벤처..."
"1723","아이템"
"1724","캐릭터"
"1725","FPS, 슈팅게임"
"1726","피파시리즈"
"1727","롤플레잉게임"
"1728","액션, 어드벤처..."
"1729","서든어택"
"1730","닌텐도DS"
"1731","인디게임"
"1732","마인크래프트"
"1733","롤플레잉게임"
"1734","월드오브워크래프..."
"1735","워크래프트"
"1736","게임사, 게임사이..."
"1737","리그오브레전드"
"1738","FPS, 슈팅게임"
"1739","풋볼매니저"
"1740","인디게임"
"1741","건즈더듀얼"
"1742","닌텐도Wii"
"1743","롤플레잉게임"
"1744","게임사, 게임사이..."
"1745","오버워치"
"1746","시뮬레이션게임"
"1747","인디게임"
"1748","캐릭터"
"1749","프리스타일"
"1750","FPS, 슈팅게임"
"1751","심즈"
"1752","록맨"
"1753","디아블로"
"1754","건즈더듀얼"
"1755","피파시리즈"
"1756","FPS, 슈팅게임"
"1757","롤플레잉게임"
"1758","모바일게임"
"1759","GTA"
"1760","지역"
"1761","아스가르드"
"1762","카드게임"
"1763","인디게임"
"1764","롤플레잉게임"
"1765","엑스박스"
"1766","보드, 퍼즐 게임"
"1767","건즈더듀얼"
"1768","오버워치"
"1769","게임사, 게임사이..."
"1770","테란"
"1771","보드, 퍼즐 게임"
"1772","오버워치"
"1773","모바일게임"
"1774","메달오브아너"
"1775","롤플레잉게임"
"1776","롤플레잉게임"
"1777","스맥다운"
"1778","니드포스피드"
"1779","오버워치"
"1780","아바(A.V.A 온..."
"1781","게임리그, 게이머"
"1782","붉은보석"
"1783","몬스터"
"1784","오버워치"
"1785","GTA"
"1786","퀘스트"
"1787","액션, 어드벤처..."
"1788","인디게임"
"1789","지역"
"1790","리그오브레전드"
"1791","FPS, 슈팅게임"
"1792","시티레이서"
"1793","게임리그, 게이머"
"1794","롤플레잉게임"
"1795","크레이지아케이드"
"1796","보드, 퍼즐 게임"
"1797","마인크래프트"
"1798","액션, 어드벤처..."
"1799","시뮬레이션게임"
"1800","보드, 퍼즐 게임"
"1801","리그오브레전드"
"1802","게임 제작, 기획"
"1803","모바일게임"
"1804","심즈"
"1805","오버워치"
"1806","인디게임"
"1807","마인크래프트"
"1808","카드게임"
"1809","게임 제작, 기획"
"1810","FPS, 슈팅게임"
"1811","아이템"
"1812","플레이스테이션"
"1813","저그"
"1814","마인크래프트"
"1815","서든어택"
"1816","GTA"
"1817","심즈"
"1818","닌텐도Wii"
"1819","리그오브레전드"
"1820","PSP"
"1821","액션, 어드벤처..."
"1822","리그오브레전드"
"1823","보드, 퍼즐 게임"
"1824","닌텐도Wii"
"1825","리그오브레전드"
"1826","몬스터"
"1827","피파시리즈"
"1828","모바일게임"
"1829","리그오브레전드"
"1830","보드, 퍼즐 게임"
"1831","롤플레잉게임"
"1832","오버워치"
"1833","모바일게임"
"1834","건즈더듀얼"
"1835","오버워치"
"1836","레인보우식스"
"1837","롤플레잉게임"
"1838","마인크래프트"
"1839","오크"
"1840","게임리그, 게이머"
"1841","게임사, 게임사이..."
"1842","게임리그, 게이머"
"1843","프린세스메이커"
"1844","엑스박스"
"1845","액션, 어드벤처..."
"1846","몬스터"
"1847","지역"
"1848","포켓몬"
"1849","건즈더듀얼"
"1850","롤플레잉게임"
"1851","닌텐도Wii"
"1852","모바일게임"
"1853","액션, 어드벤처..."
"1854","캐릭터"
"1855","액션, 어드벤처..."
"1856","배틀필드"
"1857","액션, 어드벤처..."
"1858","롤플레잉게임"
"1859","닌텐도DS"
"1860","몬스터"
"1861","마인크래프트"
"1862","게임 제작, 기획"
"1863","게임 제작, 기획"
"1864","리그오브레전드"
"1865","월드오브탱크"
"1866","게임사, 게임사이..."
"1867","포켓몬"
"1868","플레이스테이션"
"1869","플레이스테이션"
"1870","닌텐도DS"
"1871","오크"
"1872","캐릭터"
"1873","모바일게임"
"1874","오버워치"
"1875","롤플레잉게임"
"1876","오크"
"1877","FPS, 슈팅게임"
"1878","스포츠게임"
"1879","GTA"
"1880","모바일게임"
"1881","롤러코스터타이쿤"
"1882","건즈더듀얼"
"1883","피파시리즈"
"1884","플레이스테이션"
"1885","게임사, 게임사이..."
"1886","NBA시리즈"
"1887","FPS, 슈팅게임"
"1888","액션, 어드벤처..."
"1889","바람의나라"
"1890","게임사, 게임사이..."
"1891","시뮬레이션게임"
"1892","시뮬레이션게임"
"1893","몬스터"
"1894","마인크래프트"
"1895","액션, 어드벤처..."
"1896","메달오브아너"
"1897","시뮬레이션게임"
"1898","거상실행"
"1899","액션, 어드벤처..."
"1900","심즈"
"1901","오버워치"
"1902","카트라이더"
"1903","카트라이더"
"1904","카트라이더"
"1905","카트라이더"
"1906","카트라이더"
"1907","보드, 퍼즐 게임"
"1908","마인크래프트"
"1909","아이온"
"1910","인디게임"
"1911","지역"
"1912","인디게임"
"1913","모바일게임"
"1914","오버워치"
"1915","시뮬레이션게임"
"1916","게임리그, 게이머"
"1917","건즈더듀얼"
"1918","심즈"
"1919","심즈"
"1920","닌텐도DS"
"1921","모바일게임"
"1922","게임리그, 게이머"
"1923","카드게임"
"1924","포켓몬"
"1925","마인크래프트"
"1926","언데드"
"1927","아이템"
"1928","닌텐도DS"
"1929","닌텐도Wii"
"1930","오버워치"
"1931","모바일게임"
"1932","나이트온라인"
"1933","오버워치"
"1934","캐릭터"
"1935","게임리그, 게이머"
"1936","리그오브레전드"
"1937","게임사, 게임사이..."
"1938","캐릭터"
"1939","플레이스테이션"
"1940","마인크래프트"
"1941","캐릭터"
"1942","모바일게임"
"1943","게임리그, 게이머"
"1944","오버워치"
"1945","아이템"
"1946","리그오브레전드"
"1947","나이트엘프"
"1948","게임사, 게임사이..."
"1949","액션, 어드벤처..."
"1950","마인크래프트"
"1951","아바(A.V.A 온..."
"1952","몬스터"
"1953","아이템"
"1954","게임리그, 게이머"
"1955","카트라이더"
"1956","오버워치"
"1957","게임리그, 게이머"
"1958","언데드"
"1959","액션, 어드벤처..."
"1960","리니지2"
"1961","심즈"
"1962","게임사, 게임사이..."
"1963","파이널판타지"
"1964","닌텐도Wii"
"1965","닌텐도Wii"
"1966","카드게임"
"1967","액션, 어드벤처..."
"1968","게임사, 게임사이..."
"1969","포켓몬"
"1970","모바일게임"
"1971","심즈"
"1972","건즈더듀얼"
"1973","FPS, 슈팅게임"
"1974","마구마구"
"1975","NBA시리즈"
"1976","비디오게임"
"1977","마인크래프트"
"1978","퀘스트"
"1979","인디게임"
"1980","롤플레잉게임"
"1981","심즈"
"1982","게임사, 게임사이..."
"1983","파이널판타지"
"1984","닌텐도Wii"
"1985","닌텐도Wii"
"1986","카드게임"
"1987","액션, 어드벤처..."
"1988","게임사, 게임사이..."
"1989","포켓몬"
"1990","모바일게임"
"1991","심즈"
"1992","건즈더듀얼"
"1993","FPS, 슈팅게임"
"1994","마구마구"
"1995","NBA시리즈"
"1996","비디오게임"
"1997","마인크래프트"
"1998","퀘스트"
"1999","인디게임"
"2000","롤플레잉게임"
